company_cik,filing_date,accession_number,transaction_type,shares,price_per_share,relationship_type,filing_type,is_synthetic
0001045810,2024-05-20,3684177362,Grant,22101,496.2039927347326,insider_transaction,Form 4,True
0001045810,2024-04-12,8507834269,Grant,16616,102.46503703079136,insider_transaction,Form 4,True
0001045810,2024-07-17,3489988686,Grant,48443,89.33237955821907,insider_transaction,Form 4,True
0001045810,2024-09-14,8123335248,Exercise,26597,276.65959297960154,insider_transaction,Form 4,True
0001045810,2024-01-25,5768289981,Purchase,72058,95.42560039228296,insider_transaction,Form 4,True
0001045810,2024-10-14,6634788341,Sale,30104,416.0461185549956,insider_transaction,Form 4,True
0001045810,2024-01-08,5929485011,Purchase,27465,109.08954708340939,insider_transaction,Form 4,True
0001045810,2024-07-28,9539655394,Exercise,28036,221.4541662626684,insider_transaction,Form 4,True
0001045810,2024-03-08,6235929740,Sale,33947,24.027647173640172,insider_transaction,Form 4,True
0001045810,2024-06-13,9378591259,Sale,4650,128.0648305354366,insider_transaction,Form 4,True
0000789019,2024-12-01,1919873851,Sale,3638,13.884377555912788,insider_transaction,Form 4,True
0000789019,2024-04-06,1288907939,Sale,40991,197.1628459200677,insider_transaction,Form 4,True
0000789019,2024-07-27,3410705677,Purchase,11911,31.170086301376788,insider_transaction,Form 4,True
0000789019,2024-06-06,8457440518,Exercise,1477,125.58253008891461,insider_transaction,Form 4,True
0000789019,2024-05-23,5893463015,Grant,44702,473.0180042883908,insider_transaction,Form 4,True
0000789019,2024-10-25,2226213215,Purchase,53639,413.1082577578659,insider_transaction,Form 4,True
0000789019,2024-07-01,8934738070,Exercise,61297,263.20534087742647,insider_transaction,Form 4,True
0000320193,2024-10-20,2856271981,Grant,57809,167.46183337187708,insider_transaction,Form 4,True
0000320193,2024-04-10,1828161437,Purchase,25603,309.3087249364679,insider_transaction,Form 4,True
0000320193,2024-06-17,4712295497,Sale,57364,195.77023698058977,insider_transaction,Form 4,True
0000320193,2024-09-19,3783429790,Exercise,50825,148.67491064966322,insider_transaction,Form 4,True
0000320193,2024-07-28,4563495197,Grant,64670,267.9265870256964,insider_transaction,Form 4,True
0001652044,2024-03-12,2076974907,Grant,51365,131.97778800457593,insider_transaction,Form 4,True
0001652044,2024-05-19,5690323365,Exercise,69570,471.74864280425646,insider_transaction,Form 4,True
0001652044,2024-07-27,8706025055,Purchase,55559,340.6809840285192,insider_transaction,Form 4,True
0001018724,2024-10-01,2302764824,Sale,89051,336.8800951271554,insider_transaction,Form 4,True
0001018724,2024-08-04,8790602084,Sale,50746,260.960857933161,insider_transaction,Form 4,True
0001018724,2024-01-12,3835356823,Exercise,13539,10.879773024027044,insider_transaction,Form 4,True
0001018724,2024-10-12,3252798577,Purchase,9997,472.52930390632287,insider_transaction,Form 4,True
0001326801,2024-06-01,7938072457,Exercise,29843,209.2827467399348,insider_transaction,Form 4,True
0001326801,2024-12-11,4415776109,Purchase,16029,237.683360117706,insider_transaction,Form 4,True
0001326801,2024-12-21,3373787055,Grant,89911,423.5855433284184,insider_transaction,Form 4,True
0001326801,2024-02-17,2035286922,Sale,59978,177.70664517433326,insider_transaction,Form 4,True
0001326801,2024-02-27,2274917310,Grant,12488,496.29130462550836,insider_transaction,Form 4,True
0001326801,2024-10-05,7330428852,Grant,89897,337.2659499334223,insider_transaction,Form 4,True
0001326801,2024-03-23,1895195300,Purchase,27797,24.230397301824194,insider_transaction,Form 4,True
0001326801,2024-04-18,9391756317,Grant,12365,442.9850439426242,insider_transaction,Form 4,True
0001326801,2024-02-26,3622854549,Exercise,20273,279.0930955015349,insider_transaction,Form 4,True
0001730168,2024-11-22,8002576712,Sale,63548,452.3880512522865,insider_transaction,Form 4,True
0001730168,2024-06-17,7861685195,Sale,50594,394.7295268000121,insider_transaction,Form 4,True
0001730168,2024-07-13,6309941300,Grant,67940,470.81431732271767,insider_transaction,Form 4,True
0001730168,2024-10-12,9393553805,Sale,17555,171.35953516709247,insider_transaction,Form 4,True
0001730168,2024-11-12,5043735509,Sale,28746,186.00882092819188,insider_transaction,Form 4,True
0001730168,2024-04-11,7849692175,Grant,78760,128.6988808766713,insider_transaction,Form 4,True
0001730168,2024-03-05,7141933626,Grant,78336,464.3682233211086,insider_transaction,Form 4,True
0001730168,2024-02-27,7267743495,Purchase,35455,345.35289971407616,insider_transaction,Form 4,True
0001730168,2024-03-19,7036039477,Exercise,23529,459.0846216678887,insider_transaction,Form 4,True
0001730168,2024-05-07,5758865325,Purchase,8207,484.7112643480883,insider_transaction,Form 4,True
0001067983,2024-06-09,9214165639,Exercise,25050,75.51815469967944,insider_transaction,Form 4,True
0001067983,2024-05-27,9279037388,Exercise,67094,206.0169844631602,insider_transaction,Form 4,True
0001067983,2024-09-12,9094221470,Grant,44269,18.85736015823116,insider_transaction,Form 4,True
0001067983,2024-09-14,5841047698,Sale,34130,144.66103057275723,insider_transaction,Form 4,True
0001067983,2024-10-01,7225167155,Grant,77746,390.4386036859576,insider_transaction,Form 4,True
0001067983,2024-12-09,3981063726,Grant,49921,50.19220518002831,insider_transaction,Form 4,True
0001067983,2024-03-18,5102209559,Exercise,64423,365.2232866004068,insider_transaction,Form 4,True
0001318605,2024-05-25,2830438294,Exercise,14705,361.5643362419131,insider_transaction,Form 4,True
0001318605,2024-09-26,1985946518,Exercise,2701,93.15088981645029,insider_transaction,Form 4,True
0001318605,2024-12-18,1912941375,Exercise,24245,422.442069318639,insider_transaction,Form 4,True
0001318605,2024-10-09,8159756779,Purchase,63173,472.23238782335915,insider_transaction,Form 4,True
0001318605,2024-09-20,7288569989,Sale,37275,129.89579583423304,insider_transaction,Form 4,True
0001318605,2024-09-28,4610316512,Sale,79089,151.30738903927107,insider_transaction,Form 4,True
0001318605,2024-06-17,2784261428,Purchase,59335,79.15599092787308,insider_transaction,Form 4,True
0000019617,2024-04-11,4865054299,Purchase,13190,383.50863898819955,insider_transaction,Form 4,True
0000019617,2024-11-23,6407399074,Sale,31389,355.755366264267,insider_transaction,Form 4,True
0000019617,2024-03-06,6669816726,Purchase,18591,185.59396677500482,insider_transaction,Form 4,True
0000019617,2024-11-04,3362415849,Sale,14410,78.94065703037947,insider_transaction,Form 4,True
0000019617,2024-12-06,7632484284,Purchase,84575,219.68136419391521,insider_transaction,Form 4,True
0000019617,2024-06-12,4965838066,Sale,57579,142.92178954416067,insider_transaction,Form 4,True
0000019617,2024-09-27,9058949794,Exercise,69014,404.95124580204833,insider_transaction,Form 4,True
0000019617,2024-08-06,7429646119,Exercise,12924,421.692540840315,insider_transaction,Form 4,True
0000019617,2024-11-11,3106173743,Exercise,2194,223.79710239033906,insider_transaction,Form 4,True
0001341439,2024-05-17,7652677480,Exercise,21447,44.39672930776704,insider_transaction,Form 4,True
0001341439,2024-12-16,2788538199,Purchase,95117,71.84040452797356,insider_transaction,Form 4,True
0001341439,2024-01-07,4104967863,Purchase,24022,121.98351796946173,insider_transaction,Form 4,True
0001341439,2024-04-18,1561209621,Purchase,49021,267.93114340480736,insider_transaction,Form 4,True
0001341439,2024-01-08,5328184249,Purchase,69143,96.96759109199357,insider_transaction,Form 4,True
0001341439,2024-09-11,5453721938,Grant,64713,312.7687569008974,insider_transaction,Form 4,True
0001341439,2024-01-19,6498519765,Grant,56225,411.92682391335455,insider_transaction,Form 4,True
0001341439,2024-07-01,7736123332,Grant,99851,287.8173719998309,insider_transaction,Form 4,True
0001341439,2024-08-11,4914541161,Exercise,84335,487.2134248859953,insider_transaction,Form 4,True
0001341439,2024-09-11,4443913724,Purchase,3897,236.2296284519449,insider_transaction,Form 4,True
0000104169,2024-08-17,1541670803,Grant,48728,34.68434403555721,insider_transaction,Form 4,True
0000104169,2024-08-09,8277214915,Sale,66649,403.6219031042196,insider_transaction,Form 4,True
0000104169,2024-05-10,7080935159,Grant,94757,136.51312566364055,insider_transaction,Form 4,True
0000104169,2024-08-08,6660698319,Purchase,25603,389.59402403634294,insider_transaction,Form 4,True
0000104169,2024-02-08,5889047731,Grant,64535,304.99183141594597,insider_transaction,Form 4,True
0000104169,2024-02-23,2655360603,Purchase,77869,242.33907288310482,insider_transaction,Form 4,True
0000104169,2024-08-01,2432070488,Purchase,2717,146.18692214177318,insider_transaction,Form 4,True
0000104169,2024-05-06,3158569721,Sale,20612,345.58433777186383,insider_transaction,Form 4,True
0000104169,2024-08-06,9657220460,Exercise,70289,153.37334713739142,insider_transaction,Form 4,True
0001403161,2024-11-08,4863187540,Sale,39034,289.8487640546079,insider_transaction,Form 4,True
0001403161,2024-12-25,8938720927,Sale,24135,193.64289174803685,insider_transaction,Form 4,True
0001403161,2024-09-15,9585833100,Sale,7412,191.2094287624981,insider_transaction,Form 4,True
0001403161,2024-08-10,3478763597,Grant,94514,17.57968932739835,insider_transaction,Form 4,True
0001403161,2024-03-20,9136912166,Purchase,28024,384.7739013013304,insider_transaction,Form 4,True
0001403161,2024-06-27,1362110524,Purchase,15030,216.94960563229827,insider_transaction,Form 4,True
0001403161,2024-06-13,5319862208,Sale,25611,399.00339800704495,insider_transaction,Form 4,True
0001403161,2024-03-22,7558791904,Sale,69959,291.2863180107987,insider_transaction,Form 4,True
0001403161,2024-11-19,2110495160,Exercise,75241,301.3302278189861,insider_transaction,Form 4,True
0000059478,2024-11-15,3971453202,Exercise,91147,134.51739568258728,insider_transaction,Form 4,True
0000059478,2024-05-15,7384528373,Exercise,52879,448.7429910140537,insider_transaction,Form 4,True
0000059478,2024-04-06,8954210164,Sale,67256,208.94193004047332,insider_transaction,Form 4,True
0000059478,2024-10-25,3246802753,Grant,13304,251.6538973251126,insider_transaction,Form 4,True
0000884394,2024-10-14,3115511769,Purchase,84906,288.08712744474013,insider_transaction,Form 4,True
0000884394,2024-10-11,8729397215,Exercise,60216,152.92565926922683,insider_transaction,Form 4,True
0000884394,2024-01-14,5771925200,Exercise,39805,223.79785247279867,insider_transaction,Form 4,True
0000884394,2024-04-13,3091418917,Exercise,95237,214.7145638223456,insider_transaction,Form 4,True
0001141391,2024-08-19,6621230161,Sale,15031,405.5235725947671,insider_transaction,Form 4,True
0001141391,2024-07-22,2694087994,Grant,36575,243.80457024146966,insider_transaction,Form 4,True
0001141391,2024-08-22,8233094185,Exercise,56168,157.81899682187674,insider_transaction,Form 4,True
0001141391,2024-09-19,5837799732,Exercise,60596,146.71247811861667,insider_transaction,Form 4,True
0001141391,2024-10-07,8431179845,Sale,81880,257.99935801844924,insider_transaction,Form 4,True
0001141391,2024-12-15,3028259854,Grant,93507,125.02016285393968,insider_transaction,Form 4,True
0001141391,2024-06-18,3166346423,Grant,7772,310.2160655591292,insider_transaction,Form 4,True
0001141391,2024-10-09,9624942122,Grant,63557,100.63342027616022,insider_transaction,Form 4,True
0001141391,2024-03-14,1879232782,Sale,4840,120.92456308437077,insider_transaction,Form 4,True
0001065280,2024-05-09,5251734798,Sale,45850,406.89942383790424,insider_transaction,Form 4,True
0001065280,2024-06-21,5401253779,Purchase,40177,188.02378341886657,insider_transaction,Form 4,True
0001065280,2024-12-13,6069314413,Exercise,73421,267.5715120741311,insider_transaction,Form 4,True
0000034088,2024-05-07,5163683095,Exercise,16366,310.6406106312414,insider_transaction,Form 4,True
0000034088,2024-01-23,2163000533,Purchase,1495,107.92952000893946,insider_transaction,Form 4,True
0000034088,2024-05-20,2956495447,Exercise,36142,353.06563268506363,insider_transaction,Form 4,True
0000034088,2024-01-08,6479044841,Sale,93805,485.66705515863066,insider_transaction,Form 4,True
0000034088,2024-10-26,7063934422,Exercise,71063,462.2673468051817,insider_transaction,Form 4,True
0000034088,2024-04-19,2098612683,Sale,66691,30.797308791048074,insider_transaction,Form 4,True
0000034088,2024-01-17,1913053809,Grant,19743,110.4602566169828,insider_transaction,Form 4,True
0000200406,2024-08-15,1545207553,Exercise,48966,107.51687346365227,insider_transaction,Form 4,True
0000200406,2024-02-28,8502167267,Grant,59743,258.6084612546266,insider_transaction,Form 4,True
0000200406,2024-06-21,3602115197,Sale,22527,162.30628406704383,insider_transaction,Form 4,True
0000200406,2024-07-24,2362580167,Sale,94271,258.43754981928396,insider_transaction,Form 4,True
0000200406,2024-03-13,7495742814,Grant,50796,312.3357630231531,insider_transaction,Form 4,True
0000200406,2024-05-04,9514823077,Exercise,59009,98.63762391324993,insider_transaction,Form 4,True
0000200406,2024-05-14,1220361827,Sale,9763,120.81504898518375,insider_transaction,Form 4,True
0001577552,2024-05-14,8451366061,Sale,56413,115.61058633117861,insider_transaction,Form 4,True
0001577552,2024-02-16,1589452345,Exercise,11102,366.7851787747043,insider_transaction,Form 4,True
0001577552,2024-03-20,9886311604,Grant,24634,345.4525140349249,insider_transaction,Form 4,True
0001577552,2024-08-10,8799391862,Purchase,64822,88.13983767155915,insider_transaction,Form 4,True
0001577552,2024-12-20,5744304587,Purchase,36546,291.5158530705978,insider_transaction,Form 4,True
0001577552,2024-06-13,4693266777,Sale,99136,320.5808123767842,insider_transaction,Form 4,True
0001577552,2024-12-07,4327459821,Purchase,52803,401.43708534097095,insider_transaction,Form 4,True
0001577552,2024-10-18,2253179920,Sale,47096,15.868183469507304,insider_transaction,Form 4,True
0001577552,2024-08-19,2779865239,Sale,24031,461.19161716958945,insider_transaction,Form 4,True
0001577552,2024-04-14,2849402122,Exercise,76575,152.74861731507855,insider_transaction,Form 4,True
0001321655,2024-05-14,2877769323,Sale,11816,25.118441576718006,insider_transaction,Form 4,True
0001321655,2024-07-18,1743441202,Exercise,83662,337.37804653898655,insider_transaction,Form 4,True
0001321655,2024-07-17,2863549249,Grant,27716,382.7028423984871,insider_transaction,Form 4,True
0001321655,2024-05-03,2410293356,Grant,52286,337.77088473679726,insider_transaction,Form 4,True
0001321655,2024-08-11,2661802593,Exercise,49613,380.4135769166902,insider_transaction,Form 4,True
0001321655,2024-06-09,5222260476,Exercise,54035,431.5983741100026,insider_transaction,Form 4,True
0001321655,2024-01-23,1218079492,Purchase,32466,74.74932174015778,insider_transaction,Form 4,True
0001321655,2024-08-13,3256627260,Purchase,74822,369.44038918445096,insider_transaction,Form 4,True
0000909832,2024-09-03,9032521985,Grant,35777,194.4309959435804,insider_transaction,Form 4,True
0000909832,2024-01-07,4356458449,Exercise,44465,476.67666277722964,insider_transaction,Form 4,True
0000909832,2024-08-08,2137494830,Sale,5630,156.0372744606379,insider_transaction,Form 4,True
0000909832,2024-07-08,2350178213,Exercise,99870,110.6679769365934,insider_transaction,Form 4,True
0000354950,2024-06-07,9079633500,Sale,32800,36.43817254941147,insider_transaction,Form 4,True
0000354950,2024-04-01,3670541101,Sale,69269,266.7106005045027,insider_transaction,Form 4,True
0000354950,2024-08-21,2963630773,Exercise,17857,302.79417351025677,insider_transaction,Form 4,True
0001551152,2024-06-20,7753779330,Sale,38712,98.04888195408301,insider_transaction,Form 4,True
0001551152,2024-03-27,4870404000,Sale,88753,274.0772958979169,insider_transaction,Form 4,True
0001551152,2024-05-04,2396903014,Purchase,56550,55.644744974982856,insider_transaction,Form 4,True
0000070858,2024-06-05,8860505582,Purchase,1123,407.8288473055077,insider_transaction,Form 4,True
0000070858,2024-04-23,1013645967,Exercise,10969,416.01815951746823,insider_transaction,Form 4,True
0000070858,2024-04-01,7533795502,Grant,30156,457.48397138645817,insider_transaction,Form 4,True
0000070858,2024-05-10,8184704913,Exercise,49339,366.1939723099116,insider_transaction,Form 4,True
0000070858,2024-12-12,9804982755,Sale,37216,299.8519442884666,insider_transaction,Form 4,True
0000070858,2024-07-28,5702880243,Grant,92315,395.9922095342796,insider_transaction,Form 4,True
0000070858,2024-09-10,6688002458,Grant,68986,462.14198422349966,insider_transaction,Form 4,True
0000070858,2024-09-17,5958688362,Exercise,58767,152.65514315827204,insider_transaction,Form 4,True
0000070858,2024-11-23,4900892926,Grant,83913,349.4876227322954,insider_transaction,Form 4,True
0000070858,2024-12-22,8754375608,Exercise,37227,187.27595956037425,insider_transaction,Form 4,True
0000937966,2024-10-27,4381430054,Sale,53683,249.4970283045286,insider_transaction,Form 4,True
0000937966,2024-10-06,8786217330,Sale,63739,413.0527209150236,insider_transaction,Form 4,True
0000937966,2024-02-26,7910756945,Exercise,77475,442.59146701191503,insider_transaction,Form 4,True
0000937966,2024-12-26,7419781281,Exercise,94014,61.363080130535145,insider_transaction,Form 4,True
0000937966,2024-08-27,9981546612,Exercise,36499,391.11014523075255,insider_transaction,Form 4,True
0000937966,2024-11-07,3094704800,Exercise,67818,469.46731595224867,insider_transaction,Form 4,True
0000937966,2024-05-07,5380260804,Exercise,23893,309.2663051934374,insider_transaction,Form 4,True
0000937966,2024-10-02,5238239388,Sale,57133,316.4702520577801,insider_transaction,Form 4,True
0000937966,2024-10-09,1877010902,Purchase,85377,115.81499386897282,insider_transaction,Form 4,True
0000080424,2024-10-24,4883683364,Sale,20671,347.7995994244477,insider_transaction,Form 4,True
0000080424,2024-12-05,2347341494,Sale,16830,130.16199100173887,insider_transaction,Form 4,True
0000080424,2024-08-20,7890078697,Exercise,3031,91.93590074489045,insider_transaction,Form 4,True
0000093410,2024-09-25,4382253354,Purchase,90039,148.27508330691197,insider_transaction,Form 4,True
0000093410,2024-02-09,6476755393,Exercise,88641,331.5237272155857,insider_transaction,Form 4,True
0000093410,2024-08-16,6845905313,Grant,82854,231.91832344128753,insider_transaction,Form 4,True
0000093410,2024-06-06,5483049964,Sale,26769,286.42723812663,insider_transaction,Form 4,True
0000093410,2024-08-17,2142876024,Exercise,64367,484.53472634281377,insider_transaction,Form 4,True
0000093410,2024-08-23,1073924267,Exercise,44742,358.44827207640435,insider_transaction,Form 4,True
0000093410,2024-05-22,4045501558,Grant,93438,101.35016009703077,insider_transaction,Form 4,True
0000093410,2024-06-23,2405385900,Sale,31798,499.8392172891087,insider_transaction,Form 4,True
0000040545,2024-12-01,9229916647,Purchase,78963,34.9525839922583,insider_transaction,Form 4,True
0000040545,2024-08-17,6630812835,Exercise,8638,404.25888409533474,insider_transaction,Form 4,True
0000040545,2024-03-04,6340434756,Exercise,40258,275.07023836150154,insider_transaction,Form 4,True
0000040545,2024-11-26,8785802081,Purchase,5452,109.74780538432476,insider_transaction,Form 4,True
0000040545,2024-03-17,4843172768,Grant,90640,172.1226522183811,insider_transaction,Form 4,True
0000040545,2024-01-03,7565388525,Sale,51454,126.03591819812473,insider_transaction,Form 4,True
0000040545,2024-02-03,3468766400,Grant,79109,13.648716289283877,insider_transaction,Form 4,True
0000040545,2024-01-11,6298605954,Sale,58749,338.3502426930354,insider_transaction,Form 4,True
0001000184,2024-07-15,2386628850,Sale,96291,106.83821513566885,insider_transaction,Form 4,True
0001000184,2024-07-02,5540048289,Purchase,38861,427.1239758558002,insider_transaction,Form 4,True
0001000184,2024-06-14,3693606624,Grant,87011,351.51086945722994,insider_transaction,Form 4,True
0001000184,2024-10-08,3194341461,Sale,53067,300.1176583990964,insider_transaction,Form 4,True
0001000184,2024-11-15,5285667730,Sale,12297,30.407715658263776,insider_transaction,Form 4,True
0001000184,2024-12-17,4835054820,Purchase,73435,323.0541597424376,insider_transaction,Form 4,True
0001000184,2024-07-21,5999694294,Grant,48518,55.52595827843452,insider_transaction,Form 4,True
0001283699,2024-08-20,4245065929,Exercise,13127,29.272476620626765,insider_transaction,Form 4,True
0001283699,2024-09-03,1601895923,Exercise,18825,340.8020297239091,insider_transaction,Form 4,True
0001283699,2024-03-02,9801133273,Grant,48322,20.981622238257085,insider_transaction,Form 4,True
0001283699,2024-10-14,7826697396,Purchase,11942,69.5166940269321,insider_transaction,Form 4,True
0001283699,2024-08-05,8915861735,Sale,97734,401.57441541916376,insider_transaction,Form 4,True
0001283699,2024-10-14,4881215977,Grant,19772,352.7651291283855,insider_transaction,Form 4,True
0000021344,2024-02-11,9824599115,Exercise,27179,394.03241846304564,insider_transaction,Form 4,True
0000021344,2024-07-15,7172154245,Purchase,40286,274.36454368245114,insider_transaction,Form 4,True
0000021344,2024-08-28,9374844707,Purchase,6946,282.41627411836686,insider_transaction,Form 4,True
0000731766,2024-10-06,3932813964,Exercise,40053,201.76998232409588,insider_transaction,Form 4,True
0000731766,2024-02-10,5560899567,Purchase,3310,306.32000758638236,insider_transaction,Form 4,True
0000731766,2024-04-15,7087191068,Grant,85292,83.19456014616642,insider_transaction,Form 4,True
0000731766,2024-10-08,4778709696,Grant,12347,85.41498615654149,insider_transaction,Form 4,True
0000858877,2024-09-06,8554560703,Purchase,69265,334.6051452599402,insider_transaction,Form 4,True
0000858877,2024-09-09,1019031516,Grant,10938,155.56384177918096,insider_transaction,Form 4,True
0000858877,2024-12-25,6232041787,Grant,71674,67.01150301967229,insider_transaction,Form 4,True
0000858877,2024-12-04,3038883307,Exercise,61576,80.56271266503813,insider_transaction,Form 4,True
0000858877,2024-09-02,9754827710,Grant,72701,84.36639747611635,insider_transaction,Form 4,True
0000858877,2024-10-28,9213899448,Sale,15155,343.1163188655423,insider_transaction,Form 4,True
0000858877,2024-05-10,7074238562,Sale,85309,301.7040578189689,insider_transaction,Form 4,True
0000858877,2024-05-20,5108475782,Grant,13972,117.97455099481952,insider_transaction,Form 4,True
0000858877,2024-07-18,3578217312,Sale,5142,186.07853924349655,insider_transaction,Form 4,True
0000002488,2024-06-17,5478060792,Sale,50091,425.10998436858,insider_transaction,Form 4,True
0000002488,2024-08-22,8404370630,Sale,69005,310.50202943286257,insider_transaction,Form 4,True
0000002488,2024-11-15,9680991714,Sale,98610,437.03212743073107,insider_transaction,Form 4,True
0000002488,2024-09-02,9102264165,Exercise,18406,337.27440695852306,insider_transaction,Form 4,True
0000002488,2024-10-16,5500401622,Grant,55463,176.12617755299735,insider_transaction,Form 4,True
0000002488,2024-02-22,7465877830,Purchase,68836,45.878722696344184,insider_transaction,Form 4,True
0000002488,2024-07-24,3644282731,Sale,35761,212.65985958523788,insider_transaction,Form 4,True
0000002488,2024-04-22,6339495383,Grant,42311,460.3684654506769,insider_transaction,Form 4,True
0000072971,2024-01-27,9964389478,Exercise,22717,461.65942019410414,insider_transaction,Form 4,True
0000072971,2024-12-03,5031940677,Purchase,89826,182.4540723320523,insider_transaction,Form 4,True
0000072971,2024-01-06,9863663379,Sale,32549,380.83938438667286,insider_transaction,Form 4,True
0000072971,2024-10-21,8472306434,Sale,59499,395.9609566718356,insider_transaction,Form 4,True
0000072971,2024-11-20,4519923504,Purchase,91064,424.13596097171836,insider_transaction,Form 4,True
0000072971,2024-11-28,8555591658,Exercise,56552,384.8930600706198,insider_transaction,Form 4,True
0000072971,2024-12-05,5092298592,Grant,39720,470.4691842875349,insider_transaction,Form 4,True
0000072971,2024-11-14,5549135830,Exercise,40095,406.2127110172817,insider_transaction,Form 4,True
0000051143,2024-09-22,3778295125,Grant,25402,253.19287896441972,insider_transaction,Form 4,True
0000051143,2024-09-19,7567806148,Sale,61261,26.647825631488402,insider_transaction,Form 4,True
0000051143,2024-02-15,7755230247,Exercise,69210,154.88411341574226,insider_transaction,Form 4,True
0000895421,2024-02-16,3906022903,Purchase,84659,452.97832435972504,insider_transaction,Form 4,True
0000895421,2024-08-26,8806213865,Purchase,37907,118.50011986236252,insider_transaction,Form 4,True
0000895421,2024-04-04,1389163321,Sale,78751,168.78876421793936,insider_transaction,Form 4,True
0000895421,2024-02-12,9136110509,Grant,13217,470.240926028801,insider_transaction,Form 4,True
0000895421,2024-05-08,4484396055,Sale,77608,113.10566176917965,insider_transaction,Form 4,True
0000895421,2024-03-26,3845515513,Grant,5248,18.58193598594714,insider_transaction,Form 4,True
0000895421,2024-08-07,4306197735,Sale,86171,131.20962705405245,insider_transaction,Form 4,True
0001413329,2024-10-01,2317881941,Grant,90824,242.68247243786658,insider_transaction,Form 4,True
0001413329,2024-09-18,3731046586,Grant,60076,164.32280456468717,insider_transaction,Form 4,True
0001413329,2024-10-26,4709985306,Grant,72647,213.9964808214057,insider_transaction,Form 4,True
0001413329,2024-02-03,5674315756,Grant,24277,427.02725208822204,insider_transaction,Form 4,True
0001413329,2024-01-16,4178529020,Purchase,91372,353.99743482095397,insider_transaction,Form 4,True
0002070829,2024-04-14,8012124187,Exercise,53297,211.85428113769183,insider_transaction,Form 4,True
0002070829,2024-03-20,7652239317,Exercise,46240,21.991502679066542,insider_transaction,Form 4,True
0002070829,2024-06-04,7410997197,Grant,95621,494.2344835731737,insider_transaction,Form 4,True
0002070829,2024-01-18,9986819798,Purchase,45701,432.88341940105283,insider_transaction,Form 4,True
0002070829,2024-06-24,8087010004,Grant,5602,490.369177155713,insider_transaction,Form 4,True
0002070829,2024-10-17,8656079235,Sale,41863,411.1045124048454,insider_transaction,Form 4,True
0002070829,2024-01-27,1007088813,Sale,41160,321.52626201390774,insider_transaction,Form 4,True
0002070829,2024-08-07,3590296241,Grant,20365,102.83768022577942,insider_transaction,Form 4,True
0002070829,2024-05-23,2286976587,Purchase,78186,369.2366237970035,insider_transaction,Form 4,True
0002070829,2024-10-18,5241194204,Exercise,84881,477.19940156504947,insider_transaction,Form 4,True
0001094517,2024-09-26,7246945479,Exercise,46998,201.18420959317308,insider_transaction,Form 4,True
0001094517,2024-06-03,2909465521,Purchase,63694,70.50225214168782,insider_transaction,Form 4,True
0001094517,2024-03-27,7362359450,Exercise,39753,377.93699072639646,insider_transaction,Form 4,True
0001094517,2024-11-18,6165497205,Sale,61760,351.9131243448748,insider_transaction,Form 4,True
0001094517,2024-06-28,7402263491,Purchase,79627,198.53299985973447,insider_transaction,Form 4,True
0001094517,2024-10-06,8655814759,Purchase,74751,286.0606719657125,insider_transaction,Form 4,True
0001094517,2024-12-19,4785960658,Purchase,53467,242.34406521218656,insider_transaction,Form 4,True
0001094517,2024-11-05,6993384706,Grant,72463,136.50487922806875,insider_transaction,Form 4,True
0000886982,2024-02-24,8586064266,Grant,48828,459.0407861853063,insider_transaction,Form 4,True
0000886982,2024-01-26,3425858284,Sale,4758,219.30691656047432,insider_transaction,Form 4,True
0000886982,2024-11-11,9335819429,Exercise,46554,197.2021859427992,insider_transaction,Form 4,True
0000886982,2024-10-07,4252423488,Purchase,64858,448.5439891320009,insider_transaction,Form 4,True
0000886982,2024-01-13,6931525278,Exercise,70992,302.4579819077409,insider_transaction,Form 4,True
0001089113,2024-12-01,3399063089,Purchase,49163,311.71473213170316,insider_transaction,Form 4,True
0001089113,2024-05-27,7457138732,Grant,11679,151.31718131336763,insider_transaction,Form 4,True
0001089113,2024-02-27,6114400243,Exercise,50824,475.8076160272792,insider_transaction,Form 4,True
0001089113,2024-09-05,2738594221,Grant,23246,435.73937154963926,insider_transaction,Form 4,True
0001089113,2024-05-06,8843736502,Sale,83324,92.70903772929204,insider_transaction,Form 4,True
0000353278,2024-02-05,8266716745,Exercise,6315,159.0440260907455,insider_transaction,Form 4,True
0000353278,2024-05-16,3991668593,Purchase,55114,273.0324999805674,insider_transaction,Form 4,True
0000353278,2024-02-16,8935548899,Sale,85393,212.75183395151498,insider_transaction,Form 4,True
0000353278,2024-04-26,1795071321,Exercise,62357,119.90041373433677,insider_transaction,Form 4,True
0000353278,2024-10-09,2507755527,Sale,34700,179.71533452958607,insider_transaction,Form 4,True
0000353278,2024-08-19,5348914341,Grant,20359,79.05351681223186,insider_transaction,Form 4,True
0000353278,2024-09-26,8555763368,Exercise,52107,491.4910768881071,insider_transaction,Form 4,True
0000353278,2024-08-12,6860578069,Purchase,53071,87.50635452520572,insider_transaction,Form 4,True
0001751008,2024-03-25,5343985886,Grant,76664,17.163304114746694,insider_transaction,Form 4,True
0001751008,2024-02-17,5635164389,Sale,52250,219.31831538043636,insider_transaction,Form 4,True
0001751008,2024-01-04,9697709008,Purchase,14847,197.92023525871147,insider_transaction,Form 4,True
0001751008,2024-02-25,4354114944,Purchase,4809,409.6010102279662,insider_transaction,Form 4,True
0001751008,2024-06-03,9941229284,Grant,53950,24.1402802573525,insider_transaction,Form 4,True
0001751008,2024-07-10,2436441854,Purchase,99867,245.87020794660745,insider_transaction,Form 4,True
0001751008,2024-10-20,9745355965,Exercise,26535,340.8567531427752,insider_transaction,Form 4,True
0001751008,2024-12-14,7732906730,Grant,92087,166.47071564434694,insider_transaction,Form 4,True
0001751008,2024-02-03,9755606013,Purchase,81662,205.55938398453995,insider_transaction,Form 4,True
0001114448,2024-05-07,1521538836,Exercise,2548,397.81035030638856,insider_transaction,Form 4,True
0001114448,2024-06-06,6649951693,Sale,70750,403.1705713305114,insider_transaction,Form 4,True
0001114448,2024-12-24,4159662019,Exercise,11649,402.6241455675339,insider_transaction,Form 4,True
0001114448,2024-12-13,2080703771,Sale,33774,80.13341854508137,insider_transaction,Form 4,True
0001114448,2024-07-08,3719142186,Grant,62889,167.7248933899138,insider_transaction,Form 4,True
0001114448,2024-06-02,2526136058,Grant,88793,267.1928806982271,insider_transaction,Form 4,True
0000004962,2024-03-13,4845609939,Sale,81523,288.16593173894415,insider_transaction,Form 4,True
0000004962,2024-12-26,7446042700,Exercise,18024,169.35356344363555,insider_transaction,Form 4,True
0000004962,2024-03-26,7122975711,Sale,45587,128.8492068319502,insider_transaction,Form 4,True
0000004962,2024-12-07,3556633217,Exercise,9131,267.1300008813733,insider_transaction,Form 4,True
0000004962,2024-10-18,5143415887,Exercise,80157,304.9920295120483,insider_transaction,Form 4,True
0000004962,2024-05-13,3475277542,Grant,32911,247.6181829495797,insider_transaction,Form 4,True
0000004962,2024-02-10,2095220124,Purchase,90153,99.31973709848981,insider_transaction,Form 4,True
0000004962,2024-11-07,2755757347,Purchase,23628,385.4869532497148,insider_transaction,Form 4,True
0000004962,2024-02-26,4778107510,Grant,72257,441.7307318330575,insider_transaction,Form 4,True
0001067839,2024-10-23,3696033128,Grant,67568,267.67104190366103,insider_transaction,Form 4,True
0001067839,2024-08-16,3408495682,Grant,26316,492.7385320332504,insider_transaction,Form 4,True
0001067839,2024-02-24,3432577383,Grant,58474,178.18845526632444,insider_transaction,Form 4,True
0001067839,2024-07-01,4990318731,Grant,1669,201.35203103798614,insider_transaction,Form 4,True
0001108524,2024-04-08,2832826657,Exercise,60874,198.4466920004343,insider_transaction,Form 4,True
0001108524,2024-03-06,9356789898,Exercise,67358,20.60349451307301,insider_transaction,Form 4,True
0001108524,2024-02-24,4537868260,Exercise,43240,58.6749599340675,insider_transaction,Form 4,True
0001108524,2024-01-24,9642355781,Exercise,85885,28.14560699184335,insider_transaction,Form 4,True
0001108524,2024-03-07,3246110281,Sale,70446,304.89328621566847,insider_transaction,Form 4,True
0000001800,2024-04-01,5082247385,Sale,18176,104.77021349180194,insider_transaction,Form 4,True
0000001800,2024-01-28,7703125675,Purchase,68297,436.0407092385728,insider_transaction,Form 4,True
0000001800,2024-08-07,7880984686,Purchase,22612,213.73120349348807,insider_transaction,Form 4,True
0000001800,2024-03-12,3183165237,Purchase,78629,321.37206740524346,insider_transaction,Form 4,True
0000001800,2024-07-13,9233099823,Sale,65136,21.98124442300633,insider_transaction,Form 4,True
0000001800,2024-09-20,8371838391,Sale,40184,485.113514053459,insider_transaction,Form 4,True
0000001800,2024-03-06,7206642875,Grant,36900,105.19425652340355,insider_transaction,Form 4,True
0000001800,2024-05-16,8334097360,Exercise,38598,129.72643198850676,insider_transaction,Form 4,True
0000001800,2024-06-10,8296243360,Purchase,66374,180.43123345271516,insider_transaction,Form 4,True
0000901832,2024-05-17,5692998630,Grant,13590,152.12941116905952,insider_transaction,Form 4,True
0000901832,2024-04-13,6288800930,Exercise,73628,23.393765927238782,insider_transaction,Form 4,True
0000901832,2024-08-21,3167101226,Exercise,84691,319.3888752935482,insider_transaction,Form 4,True
0000901832,2024-06-24,7824908702,Exercise,87998,206.52998337594846,insider_transaction,Form 4,True
0001707925,2024-11-08,2724017255,Exercise,42622,457.95983690026947,insider_transaction,Form 4,True
0001707925,2024-07-23,1259750269,Purchase,26555,144.5375757875679,insider_transaction,Form 4,True
0001707925,2024-10-04,7132714722,Grant,67880,348.3294464208724,insider_transaction,Form 4,True
0001707925,2024-06-04,9058468673,Sale,47802,453.3336827723904,insider_transaction,Form 4,True
0001707925,2024-11-11,8438343940,Exercise,59197,142.0767020822323,insider_transaction,Form 4,True
0001707925,2024-10-20,1471727955,Sale,59549,219.3832497274044,insider_transaction,Form 4,True
0001707925,2024-05-07,8587838304,Exercise,35868,131.7087534311222,insider_transaction,Form 4,True
0000018230,2024-05-11,2604900414,Sale,46700,418.88180076138315,insider_transaction,Form 4,True
0000018230,2024-10-12,5132146941,Exercise,93400,322.8356638146928,insider_transaction,Form 4,True
0000018230,2024-08-04,3243166591,Purchase,95434,19.616721062525375,insider_transaction,Form 4,True
0000018230,2024-11-25,7396739213,Exercise,16554,342.2091688438596,insider_transaction,Form 4,True
0000018230,2024-01-20,9910762788,Grant,40764,123.60034607219514,insider_transaction,Form 4,True
0000018230,2024-11-20,4027021768,Purchase,11261,435.0164055418755,insider_transaction,Form 4,True
0000018230,2024-08-19,3762982308,Grant,29816,253.23402335137388,insider_transaction,Form 4,True
0000018230,2024-03-14,5301080853,Purchase,33766,307.44636822742865,insider_transaction,Form 4,True
0000101829,2024-03-23,5540402630,Sale,71368,221.9850030520756,insider_transaction,Form 4,True
0000101829,2024-02-08,2415698481,Grant,39153,397.801078124413,insider_transaction,Form 4,True
0000101829,2024-03-09,3025961653,Grant,53120,164.61226492973512,insider_transaction,Form 4,True
0000101829,2024-10-03,3978834075,Exercise,83235,231.81928163856597,insider_transaction,Form 4,True
0001393818,2024-01-15,3109612605,Purchase,10719,384.7843770473023,insider_transaction,Form 4,True
0001393818,2024-10-04,6439120646,Sale,14632,124.01445709608812,insider_transaction,Form 4,True
0001393818,2024-03-18,1977154325,Sale,47261,167.47919462636938,insider_transaction,Form 4,True
0001393818,2024-01-16,4733549747,Grant,98101,451.2907653336093,insider_transaction,Form 4,True
0001393818,2024-05-01,9197935300,Exercise,52298,298.6241088619516,insider_transaction,Form 4,True
0001393818,2024-11-12,2241821701,Purchase,23225,269.88126651286706,insider_transaction,Form 4,True
0000063908,2024-08-08,3920453046,Grant,56456,79.43814754527737,insider_transaction,Form 4,True
0000063908,2024-09-12,7407249077,Sale,84472,150.22045902421507,insider_transaction,Form 4,True
0000063908,2024-02-07,9326634291,Purchase,92736,31.938420891602323,insider_transaction,Form 4,True
0000063908,2024-11-04,3473563504,Exercise,7789,203.49984104268202,insider_transaction,Form 4,True
0000063908,2024-09-22,3345822015,Sale,55675,396.5808257027332,insider_transaction,Form 4,True
0001306965,2024-11-28,6218029030,Grant,60599,325.8429896261993,insider_transaction,Form 4,True
0001306965,2024-12-19,7619693314,Grant,96161,179.94525467587843,insider_transaction,Form 4,True
0001306965,2024-08-09,5891376764,Purchase,71567,286.3848483824916,insider_transaction,Form 4,True
0001306965,2024-07-16,7498746798,Grant,56407,265.1810431939849,insider_transaction,Form 4,True
0001306965,2024-09-28,3681050934,Exercise,94477,72.68354949344445,insider_transaction,Form 4,True
0001306965,2024-09-17,5872210604,Exercise,76408,47.78408308803888,insider_transaction,Form 4,True
0001000275,2024-07-25,9295832466,Sale,41275,476.20342745876616,insider_transaction,Form 4,True
0001000275,2024-08-01,9918241077,Grant,36668,308.4045198637823,insider_transaction,Form 4,True
0001000275,2024-01-17,7968301229,Sale,58956,137.21147774117102,insider_transaction,Form 4,True
0001000275,2024-11-02,6400058407,Grant,95519,147.4817814940801,insider_transaction,Form 4,True
0001000275,2024-05-01,4319919464,Purchase,2114,231.86785623447355,insider_transaction,Form 4,True
0001000275,2024-09-27,6976460941,Exercise,47196,20.288069697005994,insider_transaction,Form 4,True
0001000275,2024-04-20,7027099350,Purchase,2110,135.34821811220286,insider_transaction,Form 4,True
0000732717,2024-03-03,4131856764,Purchase,66904,136.43795985112646,insider_transaction,Form 4,True
0000732717,2024-01-17,3714334988,Sale,67257,307.12601171502644,insider_transaction,Form 4,True
0000732717,2024-05-13,1356856258,Purchase,44539,84.79903597915157,insider_transaction,Form 4,True
0000732717,2024-09-11,9857683668,Purchase,57355,199.7717549485598,insider_transaction,Form 4,True
0000732717,2024-12-21,6717403651,Grant,68970,176.24355862865718,insider_transaction,Form 4,True
0001744489,2024-07-10,2963098241,Exercise,69458,464.09746468257094,insider_transaction,Form 4,True
0001744489,2024-04-25,8919697249,Sale,17313,13.35050026468361,insider_transaction,Form 4,True
0001744489,2024-08-17,5390973536,Sale,63788,472.79431832532856,insider_transaction,Form 4,True
0001744489,2024-04-25,5506853255,Exercise,64926,296.9259116260768,insider_transaction,Form 4,True
0001744489,2024-10-24,8876677043,Sale,35748,476.6776805413017,insider_transaction,Form 4,True
0001744489,2024-03-23,9493980280,Purchase,51556,335.78855231796905,insider_transaction,Form 4,True
0001744489,2024-09-09,3533576298,Sale,32120,182.94422515136256,insider_transaction,Form 4,True
0001744489,2024-08-08,3272745267,Exercise,41421,46.942807751498194,insider_transaction,Form 4,True
0001744489,2024-01-14,7651812054,Grant,39403,326.1834354790665,insider_transaction,Form 4,True
0001744489,2024-06-03,8363007782,Grant,88499,215.69255158529364,insider_transaction,Form 4,True
0000310158,2024-03-27,6121978951,Purchase,23103,424.99145179394475,insider_transaction,Form 4,True
0000310158,2024-03-21,3365551894,Sale,78538,374.5022984053817,insider_transaction,Form 4,True
0000310158,2024-06-14,1306151726,Grant,49496,479.8689958553722,insider_transaction,Form 4,True
0000310158,2024-05-08,4692249221,Sale,28240,137.7661918454192,insider_transaction,Form 4,True
0000310158,2024-08-13,7060472742,Purchase,85269,446.10872337560954,insider_transaction,Form 4,True
0000310158,2024-05-26,3224466386,Exercise,84667,118.71279705703446,insider_transaction,Form 4,True
0000310158,2024-10-13,5356506085,Sale,50672,482.66731398252784,insider_transaction,Form 4,True
0000310158,2024-10-07,4360378249,Purchase,87694,186.80612334256668,insider_transaction,Form 4,True
0000310158,2024-10-07,8402779903,Purchase,78341,88.86619486761143,insider_transaction,Form 4,True
0001373715,2024-06-12,4783259741,Purchase,58523,491.00947787458887,insider_transaction,Form 4,True
0001373715,2024-03-22,1187139286,Grant,9565,253.28384074220097,insider_transaction,Form 4,True
0001373715,2024-07-06,4744497398,Sale,12620,274.52098793781204,insider_transaction,Form 4,True
0001373715,2024-03-28,9526107742,Grant,34810,50.376703531011735,insider_transaction,Form 4,True
0001373715,2024-02-12,5507179313,Purchase,4039,460.1584951036613,insider_transaction,Form 4,True
0001373715,2024-09-17,2419633360,Sale,53111,331.73037861294364,insider_transaction,Form 4,True
0001373715,2024-05-24,1564847334,Sale,1497,247.89420064441057,insider_transaction,Form 4,True
0001373715,2024-03-01,9837532158,Purchase,73428,465.8944480621918,insider_transaction,Form 4,True
0001543151,2024-11-15,6155813600,Sale,21346,236.9154870059777,insider_transaction,Form 4,True
0001543151,2024-04-11,5573039239,Purchase,53452,247.56828089797693,insider_transaction,Form 4,True
0001543151,2024-01-02,3761331798,Grant,63762,443.8086230276358,insider_transaction,Form 4,True
0001543151,2024-03-20,8038832925,Sale,97677,264.6013239675512,insider_transaction,Form 4,True
0000896878,2024-11-01,1896514399,Exercise,91443,195.7922490307132,insider_transaction,Form 4,True
0000896878,2024-03-22,5911402457,Grant,98174,234.76731185522624,insider_transaction,Form 4,True
0000896878,2024-07-07,9896954947,Purchase,74484,162.9697549541025,insider_transaction,Form 4,True
0000896878,2024-12-09,1730965095,Grant,62976,375.0387267646213,insider_transaction,Form 4,True
0000896878,2024-12-07,6405354741,Exercise,10836,316.21793719111787,insider_transaction,Form 4,True
0000896878,2024-03-21,8287121473,Exercise,66954,190.2411065780947,insider_transaction,Form 4,True
0000896878,2024-01-28,9143630599,Grant,59294,105.32477582073237,insider_transaction,Form 4,True
0000896878,2024-04-20,3202752462,Exercise,22373,367.7616562866466,insider_transaction,Form 4,True
0000896878,2024-07-01,6589187376,Purchase,26708,478.4922310107136,insider_transaction,Form 4,True
0000896878,2024-10-02,4698881733,Purchase,36547,385.8759699921736,insider_transaction,Form 4,True
0001594805,2024-03-10,1666764947,Purchase,36488,357.89873767902367,insider_transaction,Form 4,True
0001594805,2024-05-27,2475200258,Sale,29507,475.9202308018682,insider_transaction,Form 4,True
0001594805,2024-07-03,5377745325,Exercise,40412,341.8627077082054,insider_transaction,Form 4,True
0001594805,2024-05-26,9168456859,Sale,78325,444.72723030849846,insider_transaction,Form 4,True
0001594805,2024-02-07,8878580343,Exercise,73474,314.00311743359543,insider_transaction,Form 4,True
0001594805,2024-03-19,9325969810,Sale,58293,379.7966941377757,insider_transaction,Form 4,True
0000077476,2024-12-15,7004955619,Exercise,93971,379.4303802413305,insider_transaction,Form 4,True
0000077476,2024-08-17,4836852151,Grant,13708,200.64233944900053,insider_transaction,Form 4,True
0000077476,2024-02-03,1130331329,Sale,55178,309.10079446590885,insider_transaction,Form 4,True
0000077476,2024-10-06,4152049075,Sale,91133,461.33657273560715,insider_transaction,Form 4,True
0000077476,2024-05-16,6905313795,Sale,37718,442.4883678108281,insider_transaction,Form 4,True
0000077476,2024-05-22,8860643894,Exercise,50395,319.5587061461229,insider_transaction,Form 4,True
0000077476,2024-11-10,3148414666,Purchase,40098,193.0089484109655,insider_transaction,Form 4,True
0000077476,2024-08-05,8629776581,Sale,49792,373.095471335298,insider_transaction,Form 4,True
0000077476,2024-11-28,2890990013,Exercise,79576,146.3167571520281,insider_transaction,Form 4,True
0000077476,2024-07-20,4081840610,Sale,53855,446.7075998795521,insider_transaction,Form 4,True
0000831001,2024-11-16,8186892490,Sale,5967,291.41374210479415,insider_transaction,Form 4,True
0000831001,2024-03-13,3646575319,Grant,3743,121.45157015440448,insider_transaction,Form 4,True
0000831001,2024-09-11,8961376778,Exercise,82716,120.53796761328398,insider_transaction,Form 4,True
0000831001,2024-12-11,3438690711,Purchase,67008,392.6508995813436,insider_transaction,Form 4,True
0000831001,2024-03-12,1006225248,Sale,29820,449.7934611647576,insider_transaction,Form 4,True
0000831001,2024-03-02,2507596714,Sale,19521,391.9225727212617,insider_transaction,Form 4,True
0000831001,2024-02-19,5125992826,Purchase,45004,449.68450588026036,insider_transaction,Form 4,True
0001737806,2024-03-23,1054109212,Exercise,76075,160.0515689122398,insider_transaction,Form 4,True
0001737806,2024-09-12,4583978590,Grant,54595,131.63252884422758,insider_transaction,Form 4,True
0001737806,2024-10-09,3704389658,Grant,64822,318.68167402847564,insider_transaction,Form 4,True
0001737806,2024-11-25,1529599345,Grant,87139,183.67151397768865,insider_transaction,Form 4,True
0001737806,2024-02-13,6317572241,Exercise,78279,244.93314092896622,insider_transaction,Form 4,True
0001737806,2024-12-15,2479924332,Sale,28675,25.259421181161237,insider_transaction,Form 4,True
0001737806,2024-01-15,4835496764,Grant,76495,66.65372814123083,insider_transaction,Form 4,True
0001737806,2024-02-05,8369507941,Grant,60032,220.14607226887713,insider_transaction,Form 4,True
0000097745,2024-07-09,8762747848,Sale,3640,370.8193775227187,insider_transaction,Form 4,True
0000097745,2024-10-19,1730320446,Sale,22822,188.64457657941722,insider_transaction,Form 4,True
0000097745,2024-02-27,6337094760,Grant,43868,30.085839525836892,insider_transaction,Form 4,True
0000097745,2024-04-26,5262080154,Purchase,98521,169.26251316634804,insider_transaction,Form 4,True
0000097745,2024-06-06,5998611216,Purchase,43326,312.7532101328131,insider_transaction,Form 4,True
0000097745,2024-11-01,1039535975,Grant,98904,134.66187328652526,insider_transaction,Form 4,True
0000097745,2024-03-02,4880055351,Purchase,97004,160.3049416276551,insider_transaction,Form 4,True
0000732712,2024-10-06,4003962334,Purchase,76143,414.5464872404228,insider_transaction,Form 4,True
0000732712,2024-04-23,5210916211,Grant,89787,271.2952575102348,insider_transaction,Form 4,True
0000732712,2024-02-01,2164799309,Purchase,16852,340.41083370068185,insider_transaction,Form 4,True
0000723125,2024-04-15,4740985228,Exercise,79396,359.3329064801479,insider_transaction,Form 4,True
0000723125,2024-01-12,5127075445,Grant,28471,385.95611281984304,insider_transaction,Form 4,True
0000723125,2024-10-10,1719128166,Sale,21324,174.4423665362506,insider_transaction,Form 4,True
0000723125,2024-04-05,3165247163,Sale,53767,298.30491770873743,insider_transaction,Form 4,True
0002012383,2024-05-10,4502506934,Sale,39632,276.65454188561176,insider_transaction,Form 4,True
0002012383,2024-06-03,6081702233,Grant,26245,344.4086855615392,insider_transaction,Form 4,True
0002012383,2024-03-06,9154708396,Grant,69480,18.72270523411739,insider_transaction,Form 4,True
0002012383,2024-08-03,9192916928,Sale,77542,78.25454219630868,insider_transaction,Form 4,True
0002012383,2024-10-03,9856268482,Purchase,52581,465.5491933628925,insider_transaction,Form 4,True
0002012383,2024-08-12,1020902569,Grant,32976,309.59304873233083,insider_transaction,Form 4,True
0000067088,2024-02-22,4423338522,Sale,35936,450.3708851593346,insider_transaction,Form 4,True
0000067088,2024-04-24,6722344793,Purchase,68591,474.05128263395613,insider_transaction,Form 4,True
0000067088,2024-02-26,1663473502,Exercise,43310,193.9542438813088,insider_transaction,Form 4,True
0000067088,2024-04-22,4601252524,Sale,41594,394.97721074081306,insider_transaction,Form 4,True
0000067088,2024-02-03,4970555831,Grant,56632,242.76665565463412,insider_transaction,Form 4,True
0000067088,2024-07-24,1970542473,Purchase,75406,70.93371728594356,insider_transaction,Form 4,True
0000067088,2024-01-22,8319810959,Sale,60560,385.7552484297396,insider_transaction,Form 4,True
0000067088,2024-02-01,4701708288,Sale,29236,305.96817693555147,insider_transaction,Form 4,True
0000067088,2024-03-13,1141118013,Exercise,61597,75.98246455280045,insider_transaction,Form 4,True
0000097476,2024-02-04,1417458011,Purchase,26802,437.2411644037592,insider_transaction,Form 4,True
0000097476,2024-10-03,2706114795,Exercise,99205,39.51054899612162,insider_transaction,Form 4,True
0000097476,2024-02-16,9899117980,Purchase,79403,398.06283259729497,insider_transaction,Form 4,True
0000097476,2024-01-03,1910801216,Grant,72372,54.77538148843134,insider_transaction,Form 4,True
0000097476,2024-11-15,4521698805,Sale,84745,409.5096229079675,insider_transaction,Form 4,True
0000097476,2024-04-12,9162602427,Purchase,5274,33.33413170303615,insider_transaction,Form 4,True
0000097476,2024-12-27,5893161887,Sale,62256,363.09282117525026,insider_transaction,Form 4,True
0001596532,2024-08-05,8725921440,Sale,92054,197.35592957395522,insider_transaction,Form 4,True
0001596532,2024-03-03,4766577502,Purchase,99092,434.4308436008989,insider_transaction,Form 4,True
0001596532,2024-02-21,6518814071,Sale,76682,340.2382800870998,insider_transaction,Form 4,True
0001596532,2024-09-14,4365165782,Sale,96536,157.85427997935375,insider_transaction,Form 4,True
0001596532,2024-05-06,3577159802,Sale,29576,171.83436471721024,insider_transaction,Form 4,True
0001596532,2024-01-22,7354141211,Sale,7217,100.6570871060155,insider_transaction,Form 4,True
0001596532,2024-08-24,9701643263,Grant,88703,313.2245735186664,insider_transaction,Form 4,True
0001596532,2024-09-05,2108681618,Grant,39899,12.245902783713072,insider_transaction,Form 4,True
0001596532,2024-09-23,8943135596,Purchase,38699,268.8699199969345,insider_transaction,Form 4,True
0001596532,2024-07-10,3336009821,Sale,6859,85.41537720794072,insider_transaction,Form 4,True
0000804328,2024-08-19,1455117517,Exercise,98136,411.13743093390167,insider_transaction,Form 4,True
0000804328,2024-11-13,9865668934,Sale,60468,393.4393466789167,insider_transaction,Form 4,True
0000804328,2024-06-07,1788173875,Purchase,63028,231.67256204500887,insider_transaction,Form 4,True
0000804328,2024-07-18,1164363304,Purchase,23094,391.9611320652944,insider_transaction,Form 4,True
0000804328,2024-09-01,5681924792,Sale,69532,144.10985977219715,insider_transaction,Form 4,True
0000804328,2024-10-02,7589929812,Exercise,11565,27.335664001857197,insider_transaction,Form 4,True
0000804328,2024-01-15,5129401771,Grant,53851,274.17261756174827,insider_transaction,Form 4,True
0001075531,2024-05-12,3115357535,Purchase,87408,412.53693019002924,insider_transaction,Form 4,True
0001075531,2024-04-25,1877959189,Exercise,4500,215.78515969494194,insider_transaction,Form 4,True
0001075531,2024-03-08,3031072294,Purchase,25438,482.3654759417258,insider_transaction,Form 4,True
0001075531,2024-03-23,3501071837,Exercise,72321,173.13951608461016,insider_transaction,Form 4,True
0001075531,2024-09-25,1091447370,Exercise,97974,147.99826038616794,insider_transaction,Form 4,True
0001075531,2024-11-07,8480879763,Purchase,39232,143.11013796651622,insider_transaction,Form 4,True
0001075531,2024-02-16,2761275424,Purchase,76998,478.4555859342785,insider_transaction,Form 4,True
0001075531,2024-06-20,6648873259,Grant,94845,400.72158088025515,insider_transaction,Form 4,True
0001075531,2024-06-28,1848182048,Grant,78363,60.30933927866421,insider_transaction,Form 4,True
0000316709,2024-03-02,6172286639,Exercise,37153,126.18194551584466,insider_transaction,Form 4,True
0000316709,2024-07-10,5671403078,Grant,751,64.2058514051509,insider_transaction,Form 4,True
0000316709,2024-10-08,7595131380,Purchase,14181,372.5645691317479,insider_transaction,Form 4,True
0001144967,2024-02-08,9042805414,Exercise,48108,375.6887793984933,insider_transaction,Form 4,True
0001144967,2024-06-17,9992330686,Exercise,14072,181.45540212234587,insider_transaction,Form 4,True
0001144967,2024-03-10,2229988160,Grant,63040,311.20272624498097,insider_transaction,Form 4,True
0000946770,2024-04-02,3794814055,Exercise,36021,80.33652546627233,insider_transaction,Form 4,True
0000946770,2024-05-10,7063018311,Sale,92770,416.3677204675904,insider_transaction,Form 4,True
0000946770,2024-12-10,4311464359,Sale,96435,470.6018549567704,insider_transaction,Form 4,True
0000946770,2024-09-14,7373080086,Sale,68077,243.61751524645834,insider_transaction,Form 4,True
0000707549,2024-09-22,9293785489,Grant,77474,129.7852364294749,insider_transaction,Form 4,True
0000707549,2024-01-14,1480691636,Purchase,958,335.517334860907,insider_transaction,Form 4,True
0000707549,2024-05-21,3285198690,Exercise,66691,60.23833576614325,insider_transaction,Form 4,True
0000707549,2024-07-08,2178184764,Sale,60885,445.3033185217985,insider_transaction,Form 4,True
0000064040,2024-03-05,7932391912,Sale,31749,324.6180503821664,insider_transaction,Form 4,True
0000064040,2024-07-05,2704233763,Exercise,57289,59.493212848398684,insider_transaction,Form 4,True
0000064040,2024-01-22,3337287539,Exercise,57769,38.330283634069964,insider_transaction,Form 4,True
0000064040,2024-09-01,2412945540,Sale,11229,66.34000011863492,insider_transaction,Form 4,True
0000064040,2024-04-22,7374183515,Sale,76861,337.340493290245,insider_transaction,Form 4,True
0000064040,2024-05-12,7568451610,Sale,93448,57.62547121875498,insider_transaction,Form 4,True
0000064040,2024-03-02,1621820289,Grant,8728,134.50134335878874,insider_transaction,Form 4,True
0000012927,2024-06-28,1163974314,Exercise,764,119.60301361895625,insider_transaction,Form 4,True
0000012927,2024-09-01,4622570939,Purchase,49919,19.91299563218125,insider_transaction,Form 4,True
0000012927,2024-10-17,2217351144,Purchase,62615,175.51105708123816,insider_transaction,Form 4,True
0001996810,2024-07-19,6384833622,Exercise,51957,488.27469462026147,insider_transaction,Form 4,True
0001996810,2024-02-25,7794705571,Grant,90649,311.6063545348165,insider_transaction,Form 4,True
0001996810,2024-01-04,2968096946,Sale,3655,206.10139115710788,insider_transaction,Form 4,True
0000006951,2024-11-22,4415483951,Sale,35319,205.6374258843565,insider_transaction,Form 4,True
0000006951,2024-08-18,4450792258,Purchase,48677,252.38619963469617,insider_transaction,Form 4,True
0000006951,2024-02-09,6172782440,Grant,57287,279.91563533342725,insider_transaction,Form 4,True
0000006951,2024-08-03,5451030810,Grant,12995,252.30736376065127,insider_transaction,Form 4,True
0000006951,2024-09-05,5072832799,Purchase,23840,288.0229610847276,insider_transaction,Form 4,True
0000006951,2024-04-11,7879849736,Grant,35022,23.601897762268507,insider_transaction,Form 4,True
0000006951,2024-11-27,5198253230,Sale,36533,39.03298928958097,insider_transaction,Form 4,True
0000006951,2024-07-02,3767256829,Purchase,58170,59.07404331648868,insider_transaction,Form 4,True
0000313838,2024-11-26,8163850573,Grant,43943,212.43906534300032,insider_transaction,Form 4,True
0000313838,2024-10-12,1738601508,Exercise,51892,184.06161124231943,insider_transaction,Form 4,True
0000313838,2024-01-06,3260528181,Sale,72131,214.3352383510086,insider_transaction,Form 4,True
0000313838,2024-02-12,9239147012,Sale,59487,281.5806134445008,insider_transaction,Form 4,True
0000313838,2024-11-20,1527034622,Sale,59369,12.633386597909215,insider_transaction,Form 4,True
0000313838,2024-02-17,4990744701,Purchase,97435,378.95925602509016,insider_transaction,Form 4,True
0000050863,2024-09-11,2232140261,Sale,54079,380.8502031149797,insider_transaction,Form 4,True
0000050863,2024-01-21,9196848337,Grant,52118,371.1876505580077,insider_transaction,Form 4,True
0000050863,2024-04-05,6106827000,Exercise,68507,390.93702154882493,insider_transaction,Form 4,True
0000050863,2024-02-02,4322806580,Purchase,21173,13.650402555161449,insider_transaction,Form 4,True
0001035267,2024-05-02,2728298021,Purchase,67811,53.538637322190404,insider_transaction,Form 4,True
0001035267,2024-01-16,2907995603,Grant,24510,415.21356439247614,insider_transaction,Form 4,True
0001035267,2024-07-18,5886956534,Purchase,27730,273.56438304767073,insider_transaction,Form 4,True
0000753308,2024-03-21,6440537360,Grant,73588,314.83027354286,insider_transaction,Form 4,True
0000753308,2024-04-07,6576865577,Sale,85195,141.89378629719036,insider_transaction,Form 4,True
0000753308,2024-08-28,9512175725,Sale,26908,137.81298729791493,insider_transaction,Form 4,True
0000217410,2024-05-26,1013978394,Exercise,91625,430.0786884431677,insider_transaction,Form 4,True
0000217410,2024-07-26,7273213108,Sale,52655,173.4438208976906,insider_transaction,Form 4,True
0000217410,2024-01-19,9048317105,Purchase,62262,59.116861302559805,insider_transaction,Form 4,True
0000217410,2024-11-10,7260592049,Purchase,2262,117.74708590194292,insider_transaction,Form 4,True
0000217410,2024-08-01,2265198734,Sale,54599,189.46174458118654,insider_transaction,Form 4,True
0000217410,2024-11-26,4926303085,Grant,24051,71.49675067430519,insider_transaction,Form 4,True
0000217410,2024-08-28,6829894929,Purchase,5442,144.39004840221688,insider_transaction,Form 4,True
0000217410,2024-06-01,6018801887,Grant,23149,370.74910582907165,insider_transaction,Form 4,True
0000217410,2024-03-03,5343744451,Purchase,28247,460.3943633637153,insider_transaction,Form 4,True
0000217410,2024-07-06,9693000661,Exercise,7819,287.5484595361762,insider_transaction,Form 4,True
0000109198,2024-09-21,7967377178,Grant,76499,156.2339570380266,insider_transaction,Form 4,True
0000109198,2024-12-25,5041832476,Grant,55315,199.72150768997196,insider_transaction,Form 4,True
0000109198,2024-12-02,3332879457,Grant,87573,130.5363271172118,insider_transaction,Form 4,True
0000109198,2024-01-16,8265862434,Exercise,1473,99.36553233182941,insider_transaction,Form 4,True
0000109198,2024-07-06,8904443637,Sale,3812,487.01956773101745,insider_transaction,Form 4,True
0000109198,2024-05-15,1401824971,Sale,32532,444.7903159096604,insider_transaction,Form 4,True
0000109198,2024-09-20,2778245219,Sale,51198,163.29114631793493,insider_transaction,Form 4,True
0001467373,2024-10-22,2963835119,Grant,44468,28.44218687740171,insider_transaction,Form 4,True
0001467373,2024-03-26,5858987050,Grant,96657,464.26412469598506,insider_transaction,Form 4,True
0001467373,2024-09-12,8612783625,Sale,38771,248.29262534546098,insider_transaction,Form 4,True
0001467373,2024-01-26,3226541138,Sale,60602,338.3861397457906,insider_transaction,Form 4,True
0001467373,2024-02-27,7064995356,Sale,29549,207.98980763459062,insider_transaction,Form 4,True
0000891478,2024-03-11,3403850743,Grant,89309,482.25065306257886,insider_transaction,Form 4,True
0000891478,2024-02-03,1726612822,Purchase,18921,451.2516737192058,insider_transaction,Form 4,True
0000891478,2024-08-03,9122596994,Grant,73236,487.1874585327926,insider_transaction,Form 4,True
0000891478,2024-08-10,5651978305,Sale,99621,119.00238067021579,insider_transaction,Form 4,True
0000796343,2024-09-11,6427264219,Sale,34097,47.175708352436786,insider_transaction,Form 4,True
0000796343,2024-09-23,2183707487,Sale,52733,376.7257536822237,insider_transaction,Form 4,True
0000796343,2024-11-06,4476228978,Exercise,66334,455.0386223005385,insider_transaction,Form 4,True
0000796343,2024-08-05,7041197211,Purchase,78900,276.51743549110137,insider_transaction,Form 4,True
0000796343,2024-05-20,8358652588,Exercise,18976,226.56659047892737,insider_transaction,Form 4,True
0000796343,2024-10-18,7274207181,Sale,63035,97.92356322018222,insider_transaction,Form 4,True
0000796343,2024-11-10,1041514224,Exercise,54888,447.37360620211916,insider_transaction,Form 4,True
0000796343,2024-02-22,2379271503,Purchase,25627,258.9553053287974,insider_transaction,Form 4,True
0000796343,2024-05-04,1975623433,Grant,62992,238.81056210176465,insider_transaction,Form 4,True
0000796343,2024-04-11,6043930053,Grant,26133,455.00186453213814,insider_transaction,Form 4,True
0000310764,2024-09-20,1869386308,Purchase,18177,259.70757580974754,insider_transaction,Form 4,True
0000310764,2024-01-02,5908409874,Exercise,4258,361.627090982225,insider_transaction,Form 4,True
0000310764,2024-05-01,7861806136,Purchase,90720,308.0966782775451,insider_transaction,Form 4,True
0000310764,2024-09-08,8486485528,Sale,70943,189.96840294609754,insider_transaction,Form 4,True
0000310764,2024-10-18,8615660469,Grant,91314,302.4251919640399,insider_transaction,Form 4,True
0000310764,2024-08-14,4835037876,Sale,25005,476.449395079073,insider_transaction,Form 4,True
0000310764,2024-06-08,1303695465,Purchase,18336,144.48160703602576,insider_transaction,Form 4,True
0000310764,2024-07-20,3436145968,Exercise,58624,274.6873496761938,insider_transaction,Form 4,True
0000310764,2024-10-17,1081012237,Purchase,38250,414.35437453342655,insider_transaction,Form 4,True
0000310764,2024-01-27,9966613730,Sale,56014,491.4049156491287,insider_transaction,Form 4,True
0001973239,2024-04-26,6645174840,Grant,11542,170.11896987289413,insider_transaction,Form 4,True
0001973239,2024-03-10,7978569692,Grant,60972,399.0268115355153,insider_transaction,Form 4,True
0001973239,2024-05-21,4527641742,Exercise,42068,280.6175045419267,insider_transaction,Form 4,True
0001973239,2024-11-24,5668131965,Sale,77872,222.2053658494296,insider_transaction,Form 4,True
0001973239,2024-11-01,2862333400,Grant,9776,254.36231322693425,insider_transaction,Form 4,True
0001973239,2024-12-03,8703932498,Grant,99325,195.71278836873404,insider_transaction,Form 4,True
0001973239,2024-12-01,9857860338,Grant,81347,18.95790147314117,insider_transaction,Form 4,True
0001973239,2024-02-11,1657722645,Grant,36444,272.18120868372074,insider_transaction,Form 4,True
0001973239,2024-08-07,6893063417,Exercise,62741,271.64999943505956,insider_transaction,Form 4,True
0001973239,2024-02-26,2659020441,Grant,41184,324.37460270647944,insider_transaction,Form 4,True
0000820313,2024-05-05,1977925942,Sale,97481,109.48608736970189,insider_transaction,Form 4,True
0000820313,2024-03-06,8849741158,Grant,82338,424.4379049236701,insider_transaction,Form 4,True
0000820313,2024-10-17,1371110665,Purchase,9626,430.40287202930017,insider_transaction,Form 4,True
0000820313,2024-05-22,2285759039,Sale,57218,289.6141097060619,insider_transaction,Form 4,True
0000318154,2024-01-17,5413604654,Purchase,19846,264.3979137433686,insider_transaction,Form 4,True
0000318154,2024-10-12,7762391370,Grant,96061,216.0015175095808,insider_transaction,Form 4,True
0000318154,2024-10-19,7710486705,Exercise,72408,134.07059523214548,insider_transaction,Form 4,True
0000318154,2024-12-16,2692309426,Exercise,75366,225.1502508992893,insider_transaction,Form 4,True
0000318154,2024-09-22,6284652785,Exercise,21359,186.65661269115722,insider_transaction,Form 4,True
0000811809,2024-06-17,8408097831,Grant,83755,263.96997206472315,insider_transaction,Form 4,True
0000811809,2024-02-18,2148884627,Sale,5827,345.1287410371792,insider_transaction,Form 4,True
0000811809,2024-12-10,1790615205,Purchase,27674,493.11492424591455,insider_transaction,Form 4,True
0000811809,2024-08-22,5507439857,Purchase,90604,267.3589239443026,insider_transaction,Form 4,True
0000811809,2024-10-04,9791101057,Exercise,32727,440.5911269550405,insider_transaction,Form 4,True
0000811809,2024-12-13,3507336575,Sale,79687,173.44495742608882,insider_transaction,Form 4,True
0000885725,2024-01-16,6917794816,Grant,32642,131.13816142750562,insider_transaction,Form 4,True
0000885725,2024-11-22,2026763508,Grant,92758,186.05700811078074,insider_transaction,Form 4,True
0000885725,2024-09-18,3852015284,Purchase,83272,113.84181402259892,insider_transaction,Form 4,True
0000885725,2024-05-05,8802339360,Sale,62936,433.0428867163207,insider_transaction,Form 4,True
0000885725,2024-09-08,2978165395,Purchase,86431,378.4317845684417,insider_transaction,Form 4,True
0000885725,2024-03-21,8079146992,Exercise,75159,315.1181323506401,insider_transaction,Form 4,True
0000885725,2024-05-05,2255473822,Exercise,26700,58.48642795051102,insider_transaction,Form 4,True
0000885725,2024-07-06,9063919944,Grant,72790,301.9217183784321,insider_transaction,Form 4,True
0000885725,2024-02-27,8423826100,Sale,64423,261.23335254292334,insider_transaction,Form 4,True
